id,text
1,"深水埗富昌邨一名患肾病中年汉，终日疑心比他年轻16载的妻子红杏出墙，昨凌晨不满妻子夜归大吵一场，在「绿帽」疑云下，病汉竟然拿出通渠用的腐液淋向妻子；女事主眼睛和面部灼伤，痛极呼叫；混乱中，她反扑夺过通渠水反淋向丈夫，导致男户主也告灼伤。12岁女儿被惊醒，慌忙报警将父母送院，惟女伤者因被腐蚀性液体严重灼伤，恐怕有失明和毁容之虞，警方以涉嫌伤人罪拘捕男户主。记者：梁维建、梁伟权辣手向妻子淋腐液的男子姓曾（48岁），有藏毒案底及家暴纪录，性格暴躁。他曾任职茶餐厅，但两年前患上肾衰竭失业无法工作，要靠姓曹（32岁）妻子外出工作帮补家计，两人育有一名女儿（12岁），同住在富昌邨富韵楼一个单位。妻负伤夺樽反淋丈夫据知，曹妇是湖南人样貌娟好，最近才居港满7年获发本港居民身份证，目前在美容院做美容师。现场消息称，男户主自丧失工作能力后，终日怀疑妻子变心红杏出墙，导致争吵不休感情破裂，两人已达水火不容的地步，夫妻为离婚事一直拖拖拉拉。据称，上周五晚曹妇没有回家，翌日男户主大兴问罪之师，她敷衍说在朋友家过夜。至昨凌晨4时许，曹妇又再夜归，男户主直等到她回来后，不问情由劈头就闹，两人大吵一顿；其间有人突然拿来一樽通渠用的腐液向妻子照头淋，女伤者眼睛和面部严重灼伤，登时痛极惊叫胡乱打拨，混乱间她负伤夺去腐液，向丈夫还以颜色。男户主因赤膊上身，致左面和双手也被腐液灼伤，他们的女儿被呼救声吵醒，赫见父母各自抱头叫痛，立即致电报警求助。女户主眼和面部严重灼伤，恐怕会失明和毁容，已经由玛嘉烈医院转到港岛的玛丽医院进行植皮手术，目前情况严重。知伤势嚷「死咗好过」据称，做美容的女伤者得悉自己可能毁容，甚至失明，在医院失控哭闹：「不如我死咗好过！」男户主送院时尚可以与警员对话，经治理后情况稳定，他涉嫌伤人被捕。警方已经将他们的女儿交由男方的父母照料，其间有人偏袒儿子说：「个女人变咗呀！」警方稍后在单位内调查，捡走一支胶樽装的腐液，内面的液体只剩下三分一，并在床上枕头底捡获一抦铁锤，怀疑有人收藏用作行凶。案件交由深水埗警区重案组接手调查。夫妻互淋腐液示意图腐液溅身应以清水冲洗【本报讯】通渠用的腐液主要分两种，其中一种「哥士的梳打」是硷性物质，遇水会发热，可以融解水渠内的油脂；另一种是浓酸，倒入渠中会产生化学作用，令阻塞物腐烂以达到通渠目的。
淋中眼睛可致盲急症室专科医生冯显达指出，身体被淋腐液造成的创伤，要视乎腐液浓度和逗留身体的时间；无论如何，硫酸浓度高低都会刺激皮肤，轻则长水泡及红肿，严重的三级灼伤会伤及真皮，无法重生，伤者要做植皮手术；若是敏感的眼睛被腐液灼伤，严重者可以致盲。市民一旦不小心接触腐液，应即时以大量清水冲洗，并尽快求诊。以往间中也发生腐液伤人事故。上周一，荃湾一名女护士用腐液灭蚁，结果腐液如雨点般沿外墙檐篷滴下，楼下共有7名途人被溅中灼伤，包括一名女婴。去年12月13日，旺角西洋菜南街行人专用区，有狂徒将两支容量约350毫升、盛载腐液的胶樽从大厦高处掷下。两支胶樽落地后爆裂，腐液飞溅向人群，共46人被灼伤。"
2,经济逆转，不少身为一家经济支柱的男士压力倍增，和谐之家近月便收到在澳门金沙地盘打工的港人判头求助，说不敢把「被炒」真相告知太太，不敢回家。有社工指出，家庭出现经济问题是导致家暴的主因，男士不应把郁结埋藏心中，否则可能出现SARS 时期「借钱畀家用」的悲凉情景。和谐之家注册社工叶长秀表示，近日男士因经济问题致电求助的个案略升，其中一宗个案是一名刚因金沙地盘裁员而失业的判头，表示不敢把消息告知香港的太太，又担心没有家用给她，因此一直逗留在澳门不敢回家。叶长秀指出，求助者大多担心会被裁员、无法给家用、「无饭开」，当中不少是跨境工作人士，包括判头、银行职员、文职等，部分人出现失眠、不愿回家、脾气变得暴躁等征兆， 「有时太太多问几句，男士又会觉好啰唆，结果令夫妻关系变差」。有女士亦致电投诉丈夫近日口黑面黑、不愿给家用。和谐之家数字显示，今年4 月至11 月入住庇护中心的71 名妇女，当中48 人（约68%）是因为经济问题导致家暴而求助，同期约有11 名男士因家庭经济问题而致电热线，大多是在近月求助。叶长秀说，在经济较差的时期如SARS 期间，有八至九成妇女是因为经济问题导致家暴而入住。她鼓励夫妻间坦诚相对，妻子不用追问太多，应拍拍丈夫膊头给予鼓励， 「经济差时试过有丈夫一直向太太隐瞒失业，唯有借钱畀家用」。40 多岁的阿怡（假名）育有3 子女，丈夫1997 年前当散工，彼此关系已不太好，丈夫自从97 年金融风暴失业后一直领取综援，脾气变差，沉迷赌博，更开始动粗和不给家用， 「有时仔女吃面吃得慢，便会被他照头淋」。由于她在香港无亲无故，哑忍到06 年才入住庇护中心，子女接受心理辅导后已康复过来。劳工及福利局长张建宗表示，会密切留意经济变差家庭纠纷会否上升，而自《2008 年家庭暴力（修订）条例》于8 月生效，将保障伸延至前配偶、未成年人士等后，短短两个月已发出7 项禁制令。
3,贫贱夫妻百事哀！近日，一位领综援的男子与妻子争执后，触发抑郁症，用生果刀割破十一岁女儿颈部大动脉，然后跳楼身亡。事件令人再度关注本港的家庭暴力问题。据悉，这户人家并无家暴前科，故非社工辅导个案。他们每月靠六千多元的综援金过活，死者还好赌，经常埋怨钱不够用，与掌管综援金的妻子争拗。类似这样的家庭，在香港不知凡几，当中潜伏的危机，实在不容忽视。社署对此应予以关注，不能只提供金钱上的帮助，直等到真的发生了家暴事件才介入。申领综援的都是无业人士，他们穷困潦倒，又终日无所事事，最容易产生情绪问题。如果政府能提供适当的联谊活动、情绪辅导及谋生技巧训练，帮助他们建立人际网络和积极的人生观，那么，虽不至于完全解决问题，也可在某种程度上防范于未然。当然，这或会涉及聘请更多的社工，拨出更多的资金。当局不妨考虑招募义工，探访综援家庭，这一方面可以令有心人了解低下层的生活，为综援户扩展人际网络，不致感到孤立无援，也可节省开支。对于患有情绪病的人，家人应予以关怀，并且学习与他们相处的技巧，避免激烈的争拗。应该保持警觉，当发现病人情绪不稳定时，要及早求助。这方面，医护及社工应提供足够的指引，帮助受影响的家庭。家暴问题是全社会的问题，应动员起来，一起寻求防范之道。我们实在不愿经常听到家暴引发的伦理惨剧，不愿社会弥漫悲哀的氛围。愉快的家庭是人们的避难所，也是生活的支柱。当局提倡创造和谐社会，首先应从家庭做起。希望每位市民都珍惜自己的家庭，这样，传媒有关家暴的报道自会销声匿迹，社会也将日趋祥和。
4,一名疑患有躁狂症恶男，昨早约7时驾私家车至蓝田康华苑趁前妻送儿子上学后，要求复合被拒时，竟开车铲上行人路将前妻撞倒，继而自车厢取来一支长约10吋手电筒，落车再殴打前妻，及不断高喊「勾佬吖嗱」。其后，有人更抱起屋邨用作锁车的石?，企图掟向前妻，幸被途人喝止及报警，警员到场将躁汉拘捕。惨被前夫施袭的妇人姓沈(28岁)，颈、头及脚部重伤，头骨爆裂，情况严重。沈妇前夫姓谢(39岁)，涉嫌疯狂驾驶及袭击致造成实际身体伤害被捕。据称，警方初步调查，发现谢无业，有犯罪纪录及饮咳药水习惯，谢与沈妇于02年结婚，育有7岁大儿子，因有人经常施以家暴，致夫妇离异。
5,秀茂坪发生恶夫涉嫌殴妻的家暴事件！一名中年躁汉，昨凌晨返回宝达邨达佳楼寓所时，因妻子反锁睡房门，于是用脚大力踢门，并将熟睡妻子吵醒；妻子更被人扯着头发拖出睡房，继而拳打脚踢受伤，警员接报驰抵现场，以伤人罪拘捕男户主，带返警署扣查，女事主须送院治理。扯头发拳打脚踢被捕男子姓黎(五十一岁)，与姓关妻子(四十岁)及家人居住宝达邨达佳楼一单位。据悉，黎性格急躁，经常为琐事与家人争吵。昨日凌晨一时许，黎由外返回住所，由于无法开启睡房木门，用脚大力踢门，在房中熟睡的姓关妻子被吵醒，甫开房门，即被人扯着头发拖出睡房及拳打脚踢受伤。警接报到场，调查后以伤人罪将男事主拘捕，而女事主由救护员包扎后，送往联合医院经治理后无大碍。有社工表示，基层市民长期承受沉重生活压力，容易产生争执和矛盾，演变成家庭暴力事件，甚至出现虐妻情况。而大部分家暴事件导火线以感情问题占多数，其次是家庭琐事及金钱问题。政府应检讨社区服务策略投放更多资源，改善市民大众生活及社区服务配套，建立家庭危机处理机制，加强公民教育，减少家庭纠纷及暴力事件
6,"社会福利署数字显示，今年头9 个月，首次举报的虐偶个案共有3, 822 宗，按年减少23. 2%。社署总社会工作主任（家庭暴力）王何凤施表示，近期举报的虐偶个案数字虽回落，但整体家庭暴力的个案近年仍高，原因包括近年社署加强反家庭暴力教育和宣传，市民提高意识警觉。而两名曾受到丈夫暴力对待的妇女则现身说法，指一度过着仿徨无助的日子，在社署社工的协助下总算站起来，其中一人更与丈夫重修旧好。去年虐妻减23.2%社署在全港有11 队保护家庭及儿童服务课，今个财政年度获拨款再增加12 名社工及两名临床心理学家。 曾受丈夫暴力对待的陈太，丈夫渴望生儿育女，但她体弱未成功，其夫教育背景亦与她有距离，她为求对方发奋，不自觉在言语上侮辱了对方，两人初则口角，丈夫继而动武，至07 年两人吵架，丈夫拍打她的头，翌日感头痛求诊道出真相，最后获转介社署保护家庭及儿童服务课。她与社工薜姑娘见面时哭个不停，因多年没有工作，怕难获聘用而感无助，薜姑娘透过劳工处中年就业服务为其觅职，身为感化官的薜姑娘又安排其夫上「家暴不再」男士成长小组，陈太也参加为受虐妇女而设的小组，结果两人经辅导改善相处，最近陈太更怀孕。60 岁的卢女士则结婚38 年，96 年由内地来港与丈夫团聚，至去年底发现丈夫储蓄减少又常夜归，后发现他有外遇，丈夫更多次在争执中动手，至今年8 月终报警，由保护家庭及儿童服务课社工陈姑娘跟进。陈姑娘助其向短期食物援助计划申领食物及申请法援离婚，最终又申领综援和体恤安置，展开新生活。"
7,"一对年龄相差30多年的老夫少妻近日因感情问题起争执，妻子昨凌晨在上水家中睡梦时突被丈夫推醒，双方吵架期间丈夫拳打她的胸口，并用扫帚狂殴，警员接报到场制止，老汉打得性起拗伤警员手指，最后被制服拘捕，警方事后以伤人及袭警罪名将老汉落案，今日提堂。消息称，妻子怀疑丈夫在内地包二奶起争执，但老汉被捕后反指妻子红杏出墙，家暴变成公说公理，婆说婆理的罗生门事件。记者：徐云庭、黄通蜀涉案老夫少妻分别为73岁的温伯和比他年轻37年的姓唐妻子（36岁），两人10年前结婚，唐妇8年前来港，现育有两名分别6岁及8岁的女儿，一家四口靠综援维生，同住上水新成路107号一单位。据说，两夫妇前晚曾因感情问题争吵，至昨日凌晨3时许，妻子熟睡中突然被丈夫推醒，两人继续争执，其间丈夫一拳击向妻子胸口，妻子还手抓伤丈夫手部，并趁机报警。警员调停遭拗伤手指警员到场时见温伯手持胶扫帚狂扑妻子，唐妇鼻及背部受伤，警员立即上前制止，岂料温伯打得性起，将一名警员手指拗伤，但最终被制服。警员事后将两夫妇与一对幸告无碍女儿一并送院检验，事后均可出院。警方调查后以伤人及袭警罪名将温伯落案检控，今日提堂。由于涉及家暴事件，温伯需要通宵扣查不准保释。消息称，涉案的温伯有多项刑事恐吓和殴打伤人案底。据说，唐妇疑丈夫最近在内地包二奶，夫妇经常为此争吵不休，结果引发今次虐妻事件。不过，温伯被捕后却向警方说出另一版本，他指妻子红杏出墙，更将男友带回家中，因此才向妻子动粗。
香港家庭及事业发展服务训练总监司徒汉明表示，所谓三年一代沟，事件中夫妇年龄相距30多载，因此出现10多个代沟，他认为夫妇俩一旦发现感情现危机，应该及早寻求专业人士的辅导。"
8,"上水发生老夫少妻家暴案，娶得少妻的七旬风流翁近日疑在内地包二奶，惹起年轻三十七载的妻子不满，昨凌晨老翁返家被拒门外，愤然攀窗入屋，涉以扫帚袭击妻子，双方遂大打出手，吓得一对稚女大哭。警方接报到场制止，老翁更涉嫌袭警，两夫妻被捕，俱受伤送院。少妻与两女儿跟警员返寓所调查。 （林明强摄）被捕老翁姓温（七十三岁），与姓汤妻子（三十六岁），育有一对分别三及五岁女儿，一家四口住新成路一○七号一单位。据悉，汤妇近年持单程证来港团聚，因丈夫年纪老迈，外出打工养家，并给钱丈夫作家用。不过，汤妇近日发现丈夫频频北上，多次不回家度宿，遂怀疑丈夫在内地包二奶。昨凌晨三时许，温翁夜归无门入，不断拍门，妻子亦坚拒开门。温翁愤然爬窗入屋，怒执胶扫帚追打妻子，她不甘示弱还击，两稚女惊见父母互殴，瑟缩一角大哭。老翁涉袭警被捕
警方接报后赶抵制止，温翁与警员发生纠缠，警员需合力将他制服，两夫妻涉伤人被捕，温翁被加控一项涉嫌袭警罪，两人分别手、鼻及背部受伤，一并送院治理。由于一对女儿年幼，亦由女警带同送院。汤妇送院时叹谓，经历今次事件后会带一对女儿回乡生活。汤妇抵达医院仍怒气未消，眼见丈夫落白车时掩脸躲避记者镜头，似不欲家丑外扬，她便不屑地说﹕「怕乜嘢呀！」至昨午十二时许，汤妇在男女探员陪同下，带同两女返回寓所调查。个案其后交由社会福利署协助跟进。"
9,妇女遇上家暴问题，当然希望获得帮助，小则听她哭诉，协助解决问题；大则寄望社工可以为她提供协助，远离问题源头，拯救她们于水深火热之中，不过有协助家暴受害妇女的组织指，政府及社工未有认真协助妇女解决问题，甚至恶言以对，令求助妇女情绪、精神受压，希望政府安排社署统一处理求助个案，增拨资源提供精神科服务。「既然失眠做齐日夜更」47岁的阿宝10年前来港，本来希望来港后，可以与丈夫、儿子一起共叙天伦，可惜好景不常，一年后，她开始被丈夫虐打，被推倒地上时，连精神心灵亦随之跌入深渊，但是了为继续照顾儿子，阿宝唯有继续哑忍，度过了9年被虐打的生活。身心俱疲，驱使阿宝向社署求助，可惜求助被未能使她得真正获助。阿宝表示，当她到达社署时，不但由一名全无经验的实习社工处理问题，更加被该名社工恶言相对，指她「未断手断脚，可以工作」，令阿宝饱受伤害。社工最后安排阿宝到劳工处搵工，鉴于阿宝有失眠问题，社工更作出无理判断说「既然失眠，即是能担当日更及夜更工作」，阿宝批评社工没有同情心。群福妇女权益会主席廖银凤表示，家庭暴力案件虽然时有发生，警方及社会各人士亦呼吁受害者求助，不过社署的协助方法却无补于事，不但获得恶言，有的更儿戏，只要求两夫妇在社工面前握手言和，若劝告不果，亦只会劝说二人离婚。她希望家暴个案可统一由保护家庭及儿童服务课处理，亦不应由实习社工单独处理个案。
10,35岁文员就教导继子问题与妻子口角，盛怒下竟手执菜刀架在继子颈上，扬言杀死他，并以皮带鞭打继子，妻子对其恶行不满而拒绝与他同睡，文员竟口咬妻的脚趾和手指，他昨被判接受感化1年，并需上反虐待及家暴等社区课程。须读反家暴课程35岁的钟姓被告，早前承认刑事恐吓、虐儿及袭击伤人共4项罪名，案中9岁男童为被告妻子与前夫所生。裁判官直斥被告施用暴力，案情严重，若非感化官报告良好及获其妻撰信求情，以及继子正在内地由外祖父母照顾，难再遭被告施虐，否则必定将他判监。裁判官遂接纳感化官建议，认为被告获判感化将有助解决家庭问题，并劝诫被告纠正过错及接受心理辅导。案发于今年1月至2月间，被告因教导9岁继子的问题，与妻子在屯门家中发生争执，被告突然手持29厘米长的菜刀，架在继子颈上恐吓妻子，扬言杀死他。至9月14日晚，被告教导继子英文时，因不满其态度，竟将继子头部按压在梳化上，被告于个多小时后再走入继子房间以皮带鞭打他，妻子一度出手阻止。妻拒同床遭报复妻子因不满被告粗暴野蛮行为拒绝同床，被告为报复用口咬她的脚趾和拇指致流血。翌日被告恐吓妻子不要报警，否则咬断她3根手指，妻子觉事态严重，向社署求助及报警。被告早前认罪时，曾遭另一名裁判官训斥其行为残忍粗暴，更反问︰「你系动物嚟㗎？用口咬人！」
11,上水彩園邨一單位昨晨發生虐兒引致家暴的案件。一名躁父疑6歲兒子不聽教導，盛怒下出手推撞，其妻護兒心切，與夫爭執後拳來腳往，妻不敵一度持刀相向，報案表示：「我就快俾老公打死！」，及後警員馳至後將一家三口送院，夫婦一同被捕。被捕男戶主歐陽X祺（42歲），腰及頸部受傷，涉嫌虐兒及襲擊；其妻吳X梨（34歲）手、腳及頸部受傷，涉嫌傷人，由於兩人的兒子頭及手部亦受傷，一同送入北區醫院治理。父推撞子 母護兒揮刀事發在彩園邨彩華樓某樓一單位，昨晨7時許男戶主疑因兒子不聽教動怒，情緒失控動粗，其妻護子心切上前阻止，豈料一言不合，你推我撞，其妻不敵，一度衝入廚房取出菜刀揮舞。及後，警員接報到場，男子腰部有刀傷，而母子身上亦有明顯傷痕，一同被送院。警方經調查後將夫婦倆拘捕，案件交由大埔警區刑事調查隊第3隊跟進。有社工建議，當家長管教子女遇到困難時，應主動向社工或專業人士求助，否則會削弱管教效果，影響親子關係，嚴重者會令個人情緒健康受損，及可能引發家庭暴力如虐待兒童等。
12,一男子疑因感情問題，與前妻在粉嶺寓所爭執，遭人襲擊受傷及掟爛手機，其十九歲女兒與母同一陣綫，涉揮刀指嚇父親，母女同被警方拘捕，傷者送院；另一對夫妻，在上水家中為賴牀兒子吵架動粗，有人遷怒稚子涉虐兒，一家三口送院，其中夫妻被捕。疑遭前妻打傷男子姓楊（六十四歲），被捕母女分別是其前妻姓黃（五十一歲）和女兒（十九歲）。楊居住粉嶺大窩東支路橋頭村一村屋，消息稱，楊與妻離異，女兒跟母親。前晚十一時許，楊與前妻為感情問題爭執，有人打傷他的面部，及將其手機擲爛，楊企圖反擊，其女兒站在母親陣綫，有人取來菜刀指嚇楊，「一家三口」劍拔弩張，有人報警。警方趕至調查，拘捕涉案母女帶署助查，楊送院治理後無大礙。教子釀家暴 夫婦被捕另外，上水彩園邨彩華樓一單位，昨晨七時許，亦發生「家暴」虐兒案，女戶主姓吳（三十四歲），擬叫兒子（六歲）起牀上學，但兒子賴牀，叫喊聲吵醒男戶主姓歐陽（四十二歲），夫婦為此爭執，有人用生果刀斬傷歐陽頸部。有人負傷反擊，及遷怒兒子，涉打妻子和將兒子推倒地上受傷。警方接報到場，將事主一家三口送院治療，經調查後，分別以涉嫌傷人、襲擊及虐兒罪名，拘捕事主夫婦助查。
13,"家暴導致夫妻離異常見，結髮情可斷，血濃於水的親子關係，卻難割捨。就算是施虐者，亦有探視及照顧子女的權利，為平衡夫妻及子女的三方關係，保良局設有子女探視服務，經社工陪同，父母可在安全舒適的會面室與子女相聚，重建親子關係。曾經使用子女探視服務的一名母親表示，自己與丈夫離異後，每日仍擔心他因見不到女兒，對她增添怨恨。同時又會為女兒見不到父親而內疚，無形中增加了不少壓力；加上年幼的女兒僅7歲，對父母的婚姻狀況不甚了解，作為母親亦難以詳細解釋，對女兒為何見不到父親等連串疑問，無法解決。保良局作為橋樑，她經社工轉介使用子女探視服務後，女兒可以在保良局中心的會面，與父親談天說地玩遊戲，寓溝通於娛樂，既可緩和與前夫間的怨懟，也紓緩了自己的心理壓力，女兒亦能與父親共度歡樂時光。
另一名父親本是施虐者，最初跟女兒分開時，感到非常無助，不時擔心女兒的生活與近況。雖然探視服務有不能打探前妻近況等限制，但能重獲與女兒相處的機會，重建親子關係，已很滿足。服務還有學習小組支援，分享探視者與子女的相處方法，並讓施虐者認識家暴對配偶所帶來的傷害等問題，自省反思。保良局服務發展主任鄭德華表示，家暴受害者多會害怕與施虐者見面，亦抗拒安排子女探視對方，以防子女被搶走。對方卻認為跟子女的相處時間，無故遭剝削，日積月累只會令衝突加深，情況嚴重者可能會電話騷擾或到學校埋伏，乘機強搶子女，透過適當的親子會面，才是妥善解決之法。"
14,秀茂坪順天邨天權樓一單位一對夫婦，早上8時49分疑因瑣事爭執反目互毆，拳來腳往，期間有人出刀，驚動警員上門調查，結果兩敗俱傷兼惹官非，分涉傷人及普通襲擊。案中妻子36歲姓李，額頭受傷，由於一度出刀，涉嫌傷人；其夫40歲姓黃，右肩受傷，涉嫌普通襲擊，同清醒送聯合醫院治理。案件交由秀茂坪警區刑事調查第8隊跟進。
15,兩對夫婦在浪漫情人節爆發血腥衝突，禍及子女受傷。秀茂坪邨一名中年漢不滿年輕妻子夜歸，未有陪伴共度浪漫佳節，昨凌晨與妻子爭吵時，「爆樽」誤傷勸交的十八歲女兒，另於荔枝角一個豪宅，一名婦人懷疑丈夫有外遇，揚言要「斬死」丈夫，十九歲兒子勸止時，亦被玻璃碎片傷，婦人涉嫌刑事恐嚇被警方拘捕。首案發生於秀茂坪邨秀和樓一單位，男戶主姓陳（五十歲），其妻姓張，較丈夫年輕十一年，育有一名女兒。前日情人節，陳在家等候妻子回家，準備共度浪漫佳節，豈料妻子遲遲未歸。至昨晨一時許，張婦始返抵家門，陳按捺不住，浪漫情緒化成怒火，向她大興問罪，她不滿丈夫小題大做，出言還擊，雙方激烈爭吵，期間有人情緒激動，打爛玻璃樽發洩，陳更揚言要跳樓，女兒聞言上前勸阻，混亂間，意外踩着地上的玻璃碎片，左腳被傷。警員及消防員接報到場，向陳好言相勸，其情緒始冷靜下來，為免再與妻起爭執，親自陪伴女兒到醫院接受治療。
16,九龍及新界由前晚至昨晨，發生三宗夫妻家暴事件，其中在何文田邨，一對夫婦為感情問題爭執，丈夫涉嫌揮刀趕走妻子，反鎖屋內自困，警方勸喻他放下利刀，入屋將其拘捕帶署；
17,另一名姓梁男子（五十三歲），前晚十時許，在天水圍天頌苑頌澤閣住所，疑因家庭問題，與姓廖妻子（四十六歲）發生爭執，有人情緒失控，取出利刀揮舞，混亂中，女事主報稱被人用刀斬傷右手手背，警方接報到場，拘捕涉案的傷者丈丈帶署調查，傷者送院治理後無大礙。此外，一名姓廖男子（五十五歲），與姓林妻子（三十九歲）前晚九時許，在天水圍天悅邨悅泰樓住所內，疑因使用熱水爐問題爭執，有人持刀恐嚇妻子，警方接報到場，拘捕涉案的廖帶署助查。記者 蔡楚輝
18,另兩對夫妻在天水圍家中爭吵，其中一女子被斬傷，兩名躁夫被捕。何文田邨采文樓一單位，姓范男戶主（三十歲），與姓林妻子（二十六歲），昨晨零時許，疑因感情問題爭執，范情緒激動，有人取來生果刀向妻子揮舞，將妻子趕出屋外，再反鎖大門自困，林女報警。警方趕至調查，由全副「鐵甲威龍」裝備警員，拍門勸喻屋內男子放下利刀及開門，警員一擁而入，以涉嫌藏有攻擊性武器罪名將其拘捕帶署助查。
19,昨晨8時許，35歲姓陳婦人與34歲姓張丈夫在青衣長安邨安泊樓住所，疑為金錢及感情問題嘈交，夫婦大動肝火互相推撞，糾纏間陳婦報稱被丈夫猛力捏住右手臂至紅腫受傷，繼而被丈夫趕出家門，於是報警。警員到場調查，張亦報稱胸口受傷，夫婦同涉襲擊傷人被捕。陳婦送院時以手輕拭眼角淚痕。
20,屯門友愛邨昨日凌晨發生家暴事件，一對老夫少妻，為家事問題爆發激烈爭吵，大打出手，結果兩敗俱傷同被警員拘捕。為家事爭執 大打出手昨日凌晨1時許，一名姓孫婦人（49歲），在屯門友愛邨愛明樓寓所，與她年齡相差31歲的姓嚴丈夫（78歲）因家事問題發生爭執，兩人一言不合大打出手，結果兩人面及手臂受傷，婦人聽聞丈夫出言恐嚇會傷害她，大驚報警求助。警員接報到場調查後，兩夫婦分別涉刑事恐嚇、襲擊及襲擊致造成實際身體傷害被捕，一併先獲送醫院治理，然後帶回警署助查。天水圍家暴 妻子送院另訊，昨凌晨1時許，一名姓李男子（38歲）與其姓黃妻子（31歲），在天水圍天恩邨恩頣樓寓所，因感情問題吵架，期間妻子遭人掌摑以及出言恐嚇，不滿丈夫行為報警。警員到場調查，丈夫因涉嫌普通襲擊被捕，妻子則獲送醫院治理，案件交由元朗警區刑事調查隊第10隊跟進調查。
21,"中港夫妻為錢反面,舞刀揮拳爆家暴!九十後內地嬌妻來港探夫,昨晨她在葵涌「夫家」,疑因金錢問題與丈夫「吵大鑊」,柔情隨即變臉,有人涉嫌擸刀揮舞。混亂中,其夫被人斬傷,她亦捱拳遭毆打,家人無法勸止報警求助,火爆夫妻需送院敷治,幸傷勢輕微,但兩人同涉嫌襲擊罪被捕。涉案少婦報稱被打傷送院。(曾紹良攝)現場大窩口邨富⺠樓一單位,涉案丈夫姓程(廿八歲),妻子姓鄒(廿二歲)。據悉,鄒婦為內地居⺠,婚後經常持雙程證來港,與丈夫團聚。鄰居指稱,鄒婦年輕樣子可人,夫婦恩愛非常,惟最近鄒婦每次來港後,屋內經常傳出爭執聲,懷疑感情有裂痕。昨晨十一時許,夫婦疑因金錢及家事問題爭執,愈吵愈激烈,火藥味甚濃。屋內家具翻倒血漬斑斑據悉,有人怒氣沖沖,取起十吋⻑利刀揮舞,程夫赤手空拳抵抗,惟閃避不及,混亂中,手、腹、背及嘴角多處受傷,而鄒婦亦被人揮拳毆打,有人大叫救命求救。據悉,程的繼兄當時在屋內,目睹火爆場面,恐怕釀成悲劇,勸止不果報警求助。大批警員接報趕至,發覺屋內家具翻倒一片凌亂,地板更血漬斑斑,立即將火爆夫婦分開查問,並召救護車到場,將被斬傷程夫送院救治,鄒婦亦因情緒激動,並報稱被打傷感頭痛,同需送院治療。警方初步調查後,程涉嫌「普通襲擊」被捕,其妻則涉嫌「襲擊致造成實際身體傷害」就逮。案件交由葵青警區刑事調查隊第八隊跟進。專家稱爭執須控制情緒香港家庭及事業發展服務訓練總監司徒漢明稱,夫妻相處定會有摩擦及矛盾首要是控制好自己的情緒,否則很容易發生家庭暴力事件。他又稱,夫妻要坦誠溝通以處理雙方的矛盾,溝通時亦要避免含有辱罵性的說話,如:「你賺咁少錢,都唔係男人!」更應避免翻舊帳。而吵架後要懂得補償,可以主動買一些小禮物給對方,給予對方下台階,雙方由此解開心結修補關係。"
22,"屯門澤豐花園昨晚深夜發生嚴重家暴案,一名女子昏迷送往屯門醫院搶救,其後證實不治。警方當場將其丈夫拘捕,押返警署作進一步調查。丈夫報案 承認曾襲妻子警方於昨晚深夜11時許接獲一名男子報案,指出其妻在澤豐花園一個單位內受傷。大批警員迅速趕到現場,發現屋內有一名女子頭部重傷流血,當場已無知覺,立即將她送院搶救。據悉,警方初步調查後,屋內男子承認曾跟妻子爭執,其間妻子受傷昏迷。警方當場將男子拘捕,押返警署作進一步調查。據悉,警方初步調查後,報案男子承認曾襲擊妻子,她頭部受重傷昏迷倒臥單位內。警方遂將男子拘捕,案件交由屯門重案組跟進。根據社會福利署在網上公布的家暴資料,本港於2016年1月至9月紀錄了2,471宗新呈報虐待配偶或同居情侶個案,屯門區佔了161(6.5%),在個案受傷總類方面,涉及身體虐待的個案多達1,971(79.8%),其次為精神虐待個案,共有302宗(12.2%)。受害人性別中,近84%都是女姓。至於施虐者與受害人的關係方面,有70%是夫婦關係,異性同居情侶則有424宗(17.2%)。另外,本港近年每年均發生逾3,000宗虐待配偶或同居情侶個案,如2015年全年則有3,382宗,2014年則有3,917宗,2013年則有3,836宗。"
23,"深水埗今天發生懷疑倫常血案。一名男子被發現由富昌邨富盈樓高處墮下,當場死亡。警方上樓調查時,再發現一名女子倒臥於一個單位內,身上有多處刀傷,送院搶救證實不治。警方將案件列為謀殺及自殺案處理。深水埗警區助理指揮官(刑事)陳寶倫下午約6時半見記者。他透露54歲的男死者從事裝修工作,50歲的女死者是家庭主婦,二人未有結婚,但同居超過十多年。和二人同住的,還有女死者與前夫所生的一子一女。男死者下午12時50分被發現從高處墮下。因感冒服藥在家睡覺的23歲兒子,在下午1時發現母親倒臥在牀上後報警。陳寶倫表示,男死者除因高空墮下產生的骨折外,表面上未有可疑傷勢,女死者頸上有被勒過痕跡,身上有血跡,身旁有一把總⻑12吋、刀鋒⻑7吋半的刀,⻑刀吻合身上5處被刺的刀傷,包括4處左胸、1處右胸。陳寶倫指,其中一個調查方向是男女死者近期的感情問題,懷疑男死者殺死女方後自殺,但不會排除其他可能。陳寶倫續指,未有發現家庭暴力及男方精神病的紀綠,而女死者近日睡眠不良,有服用安眠藥,初步調查二人不是經常有糾紛,但雙方新近有感情糾紛。證物方面,陳寶倫表示,未有發現遺書,除12吋的利刀外,警方在廚房找到一張椅子,在洗上盤上發現男死者拖鞋,方向吻合男死者跳樓位置。"
24,"本報翻查資料,連同前晚發生的廚工涉嫌殺妻案,去年已有三宗涉嫌殺妻案件。根據警方資料顯示,家庭衝突案件於2009至2013年平均維持在1.4萬宗,而家暴刑事案件則有回落現象。對上兩宗案件,是去年8月13日晚上7時許,大角咀惠安街一對相距19年的夫婦,因內地物業買賣問題爭執,期間66歲姓關男事主,涉嫌用魚生刀插向姓鄧妻子胸部,妻子送院搶救後傷重身亡。另兩對涉案夫妻年齡差距大另一宗是去年8月7日凌晨,土瓜灣炮仗街德寶大廈,一對正在辦理分居手續的夫婦,因感情問題發生爭執,41歲姓唐妻子被人以膠紙去口及勒斃,而60歲姓何男戶主在尖東海面墮海被救起。兩人同樣相差19年,而丈夫以為妻子另結新歡,故心存芥蒂,警方將案件列作謀殺案處理。據警方資料顯示,2009至2013年的家庭衝突案件平均維持在1.4萬宗。當中,家庭暴力(刑事)案件及家庭暴力(雜項)案件同樣有回落趨勢。家暴刑事案由2009年的2,373宗,降至2013年的1,870宗;家暴雜項案就由2009年的1,954宗,降至2013年的676宗。但家庭事件則有上升趨勢,由2009年9,275宗,上升至2013年的12,097宗。"
25,香港大學副教授張祺忠涉嫌殺妻被捕轟動全港。8月20日，張祺忠向警方報稱53歲的妻子陳慧文失蹤，警方調查後，發現陳並未有離開大廈，揭發張於報稱陳失蹤後的兩天，利用板車將一個大木箱運走。至28日，警方突擊搜查張於港大的辦公室，發現一個木箱，打開後發現一個軟身行李箱，行李箱內藏有一具頸上纏有電線的女性屍體。張被控一項謀殺罪。
26,多宗殺妻案陸續發生，11月28日，石硤尾南山邨南樂樓一名57歲姓羅男子與其40歲姓黃的妻子，疑因感情糾紛，丈夫涉用生果刀刺其妻子背部，黃送院後不治，遺下一對兒子。12月5日，華富邨一對夫婦疑因公屋戶籍問題而起爭執，一名64歲的男子疑用鐵筆襲擊其63歲的妻子後，再於客廳上吊自盡亡，死者的女兒揭發，一度哭崩。
27,"樂善好施多年的63 歲商人,去年冬至飯敘後因向出軌妻子取回「定情信物」卡地亞名表不果,失控用鐵鏟和菜刀多次襲擊對方的頭和頸。其妻多處被斬傷,一度留醫深切治療部,現因臉癱而需接受整形手術。商人昨在高等法院承認一項有意圖傷人罪,法官直言本案屬悲劇,對被告經營多年的美滿家庭毁於一旦感痛心,不過社會絕不容許家庭暴力,判被告囚3 年。被告資助內地生讀書20年報稱土地投資顧問公司東主的被告黎耀堂(63 歲)承認去年12 月21 日,在大埔坑下莆一村屋內襲擊陳晴鳳。辯方求情時指出,被告過往20 年資助多名內地學生讀書,每月會派發飯券予有需要者,同時向多名風濕患者派藥酒,被告兩名兒子亦在求情信中形容他為好父親。辯方引述被告的求情信稱,被告妻子因跳社交舞移情別戀,致夫妻關係破裂。涉案手表購買時為一雙一對,當時被告並非為金錢而取回手表,而為見證兩人的愛情和關係,形容事主當時就被告的品格出言挑釁,令被告失控犯案。法官直言案件屬一齣悲劇,形容被告以往品格良好,努力工作養妻活兒,更多年來熱心慈善,卻因離婚導致有抑鬱症狀,更因未能取回手表而「壓力爆煲」犯案,對被告經營多年的美滿家庭毁於一旦感痛心,但指出社會絕不容許家庭暴力,終判被告囚3 年。案情指,當時正與妻子辦理離婚的被告,去年冬至晚飯後向妻子要求取回手表,遭妻子拒絕,被告其後再要求毁壞該手表,令雙方都無法擁有,其妻沒有理會。被告隨即到花園取出74 厘米⻑的鐵鏟,多次擊打妻子頭和頸部,令鐵鏟分成兩截,他其後再到廚房取出30 厘米⻑菜刀,斬向妻子的頭及背,令對方失血暈倒。幼子曾制止被告,但被告仍一度上前揑妻子頸,警方接報到場後,被告承認犯案。事主頭頸受傷 臉癱需整形妻子的頭、臉、頸和手部均嚴重受傷,手部神經、動脈和肌腱均需修補,留醫深切治療部。她目前身體大致康復可行走,左臉臉癱,需接受整形手術。"
28,"一對同居男女因感情問題發生爭執,他向女友淋潑通渠水,導致女方毀容,面部、背部和手腳燒傷,留下永久疤痕。他日前在高院承認「對他人身體加以嚴重傷害」罪,女友更親到庭為他求情,稱已原諒他。法官昨判刑稱,本案屬家庭暴力,事主雖然表明不會追究,但故意把通渠水潑向事主面部,是有意要損害她的容貌,案情嚴重,判監20個月。現年36歲、任運輸工人的被告劉佳坪被控於2017年8月12日,在深水埗荔枝角道一幢唐樓內非法及惡意傷害33歲梁姓女友。被告否認「有意圖而淋潑腐蝕性液體」罪,但承認交替的「對他人身體加以嚴重傷害」罪,獲控方接納。庭上透露,事主除為他寫信求情外,更不想再作追究,拒絕為警方錄取口供及提供最新傷勢照片。法官昨透露,事主嘴部附近有疤痕,但不算明顯。案情稱,被告與事主於2017年8月11日到深水埗荔枝角道一賓館租房過夜。凌晨時份,兩人因感情問題爭吵,被告從廁所拿通渠水淋女友雙腿。女友走去廁所沖洗,又拿同一瓶通渠水淋他頭和腿。被告搶回瓶子,再向女友上身淋潑,她痛極大叫。兩人報警,均送往醫院搶救,醫生證實她全身約7%至8%的皮膚均被化學品燒傷,其右邊臉、左耳後、雙膝、左前臂和左肩留下永久疤痕。被告在警誡下表示,案發前已與事主因感情問題爭執多時,一直用暴力對待她。及至案發當晚,女友先用通渠水淋他,他忍無可忍才還手。"
29,"黃大仙發生家庭暴力案件。凌晨2時許,據報1名中年男子,在黃大仙下邨龍泰樓寓所,突然與兒子發生爭執,期間有人突然情緒失控,取出利刀揮舞,兒子走避不及,手腳被斬傷。此時,其妻聞言趕至勸阻,亦被誤傷腳,登時血流如注。警方接報持盾牌到場,合力制服該持刀男子。他雙手反綁,由救護車送院檢查,他抵院時不停大叫「差人打我!」。而妻子及兒子,則由救護員即場包紮,再由另一輛救護車送院治理。警方正調查事件始末。"
30,"旺角發生倫常兇殺案,內地漢不堪婚變殺妻後跳樓亡,遺4歲兒伴母屍兩日!一名年初來港會妻內地男子,本周日送贈手鏈慶祝愛妻生日,竟換來對方提出離婚,有人與妻子爭執時疑「火遮眼」,以生果刀狂插妻子太陽穴及左胸後,自知闖禍走到附近大廈一躍而下,當場死亡掛屍圍欄。昨日親友登門尋找女事主時揭發她陳屍廁所,生日變死忌,可憐4歲兒子伴屍2日。警方經調查後,將循謀殺及自殺案方向調查案件。男女死者姓游(32歲)和姓容(28歲),游今年年初持雙程證來港,生前無業,容婦在餐廳任職侍應,廣東江門台山人。據悉,容婦與前夫離婚後,約兩年前與游結婚,她與其前夫所生的4歲兒子隨其生活,一家3口居於旺角砵蘭街301號3樓、一個面積約200呎的單位,男童在區內一間幼稚園讀K2。一家人生活和諧,無家庭暴力紀錄,夫妻感情亦未見異樣。女友人透露本周日為容婦生日,上周六晚專門購買了蛋糕到容的住所慶祝生日,當時容婦表現高興,透露丈夫送贈手鏈作生日禮物。怒火中燒 生果刀狂插不過,本周日晚上兩夫婦與多名同鄉用膳時,容女突然表示要跟丈夫離婚,游男對此打擊極大。晚上11時許,兩人返回住所後發生激烈爭吵,聲浪驚動鄰居。其後有人疑怒火中燒,趁妻子在廁所不為意,檢起生果刀向其狂插,容婦當場血流如注昏迷,有人關上廁所門後離家外出,獨留男童在家。至前日凌晨一時許,游被發現在距離住所300米外的⻑旺道7至9號大廈天台墮下死亡,掛屍於4樓平台欄杆,鮮血濺灑外牆。由於游身上沒有物件可確認住址及親友聯絡方法,警方亦未有檢獲遺書,當作一宗「有人從高處墮下」案處理。妻友人上門揭發命案昨晨11時許,容婦的25歲男友人聯絡她不果登門尋找。據悉,男童開門稱母親被父親斬傷,但鐵閘上鎖無法開閘,友人於是報警。消防接報趕至破門入屋,揭發容婦倒斃廁所內,屋內一片混亂及有血漬。警方封鎖現場調查,鑑證科、法醫其後亦到場搜證,初步檢驗發現,證實容女右邊太陽穴有兩個約3至5厘米⻑刺孔、右邊頸部有1條8至10厘米⻑刀傷,左胸口插有一柄生果刀,刀鋒約5至6厘米闊,法醫相信有關傷口為致命死因,估計死亡時間為本周日晚上10時至本周一凌晨1時,容女生日變死忌。警方在單位內發現其他利器,包括剪刀及利刀,不排除與案有關。警方經初步調查,相信兩夫婦因婚變釀成慘劇,並了解男童有否目擊案發經過,將循謀殺及自殺方向調查,交由旺角警區重案組跟進。事後,容婦的友人趕到現場,並將男童抱走與警方一齊照顧。其後,仵工將女死者的遺體舁送殮房。"
